<?xml version="1.0" encoding="UTF-8"?>
<template name="searchpeople" 
	xmlns="http://ws.apache.org/ns/synapse">
	<parameter name="roomId" description="The roomId" />
	<sequence>
		<property expression="$func:roomId" name="uri.var.roomId" />
		<property name="Accept-Encoding" action="remove" scope="transport" />
		<!-- <property name="messageType" scope="axis2" value="application/x-www-form-urlencoded" /> -->
		<property name="messageType" scope="axis2" value="application/json" />
		<call>
			<endpoint>
				<!-- <http method="get" uri-template="https://api.ciscospark.com/v1/people?email=madumal.piyasundara@gmail.com" /> -->
				<http method="get" uri-template="https://api.ciscospark.com/v1/messages?roomId={uri.var.roomId}" />
			</endpoint>
		</call>
	</sequence>
</template>